JOBID	ST	WORKDIR	NAME	RESULT
17271964	SS	/WORK/nscc-gz_sgao/matgen_dft/vasprun/running/stru/icsd_59514-Rb1In4	icsd_59514-Rb1In4.sh	?
17271965	SS	/WORK/nscc-gz_sgao/matgen_dft/vasprun/running/stru/icsd_181937-Pr2Mn2Se2O3	icsd_181937-Pr2Mn2Se2O3.sh	?
17271966	SS	/WORK/nscc-gz_sgao/matgen_dft/vasprun/running/stru/icsd_614209-Tb1Fe2B2	icsd_614209-Tb1Fe2B2.sh	?
17271967	SS	/WORK/nscc-gz_sgao/matgen_dft/vasprun/running/stru/icsd_637442-Yb1Ni2Ge2	icsd_637442-Yb1Ni2Ge2.sh	?
17271968	SS	/WORK/nscc-gz_sgao/matgen_dft/vasprun/running/stru/icsd_73651-Nd1Co2P2	icsd_73651-Nd1Co2P2.sh	?
17271969	SS	/WORK/nscc-gz_sgao/matgen_dft/vasprun/running/stru/icsd_2903-Bi2Se1O2	icsd_2903-Bi2Se1O2.sh	?
17271970	SS	/WORK/nscc-gz_sgao/matgen_dft/vasprun/running/stru/icsd_245981-Cs1Li2Br3	icsd_245981-Cs1Li2Br3.sh	?
17271971	SS	/WORK/nscc-gz_sgao/matgen_dft/vasprun/running/stru/icsd_150701-Sr2Fe1Mo1O6	icsd_150701-Sr2Fe1Mo1O6.sh	?
17271972	SS	/WORK/nscc-gz_sgao/matgen_dft/vasprun/running/stru/icsd_610591-Gd1Ni2As2	icsd_610591-Gd1Ni2As2.sh	?
17271973	SS	/WORK/nscc-gz_sgao/matgen_dft/vasprun/running/stru/icsd_619462-Ca1O2	icsd_619462-Ca1O2.sh	?
17271974	SS	/WORK/nscc-gz_sgao/matgen_dft/vasprun/running/stru/icsd_627701-Ho3Cu4Ge4	icsd_627701-Ho3Cu4Ge4.sh	?
17271975	SS	/WORK/nscc-gz_sgao/matgen_dft/vasprun/running/stru/icsd_103993-Ti1Ga3	icsd_103993-Ti1Ga3.sh	?
17271976	SS	/WORK/nscc-gz_sgao/matgen_dft/vasprun/running/stru/icsd_150149-La1B2Rh2C1	icsd_150149-La1B2Rh2C1.sh	?
17271977	SS	/WORK/nscc-gz_sgao/matgen_dft/vasprun/running/stru/icsd_636072-Gd1Ni2Sb2	icsd_636072-Gd1Ni2Sb2.sh	?
?	PD	/WORK/nscc-gz_sgao/matgen_dft/vasprun/running/stru/icsd_624959-Sc1Co2Si2	icsd_624959-Sc1Co2Si2.sh	?
?	PD	/WORK/nscc-gz_sgao/matgen_dft/vasprun/running/stru/icsd_623465-Lu1Co2Ge2	icsd_623465-Lu1Co2Ge2.sh	?
?	PD	/WORK/nscc-gz_sgao/matgen_dft/vasprun/running/stru/icsd_617507-Gd2Cr2C3	icsd_617507-Gd2Cr2C3.sh	?
?	PD	/WORK/nscc-gz_sgao/matgen_dft/vasprun/running/stru/icsd_53864-U1Ni2Ge2	icsd_53864-U1Ni2Ge2.sh	?
?	PD	/WORK/nscc-gz_sgao/matgen_dft/vasprun/running/stru/icsd_626827-Tm1Cr2Si2	icsd_626827-Tm1Cr2Si2.sh	?
?	PD	/WORK/nscc-gz_sgao/matgen_dft/vasprun/running/stru/icsd_610297-Cs1As2Ru2	icsd_610297-Cs1As2Ru2.sh	?
?	PD	/WORK/nscc-gz_sgao/matgen_dft/vasprun/running/stru/icsd_638423-Zr2H3Pd1	icsd_638423-Zr2H3Pd1.sh	?
?	PD	/WORK/nscc-gz_sgao/matgen_dft/vasprun/running/stru/icsd_69683-Rb2Co1F4	icsd_69683-Rb2Co1F4.sh	?
?	PD	/WORK/nscc-gz_sgao/matgen_dft/vasprun/running/stru/icsd_637761-Th1Ge2Ru2	icsd_637761-Th1Ge2Ru2.sh	?
?	PD	/WORK/nscc-gz_sgao/matgen_dft/vasprun/running/stru/icsd_625038-Sm1Co1Si3	icsd_625038-Sm1Co1Si3.sh	?
?	PD	/WORK/nscc-gz_sgao/matgen_dft/vasprun/running/stru/icsd_98970-Lu7Te2Pd2	icsd_98970-Lu7Te2Pd2.sh	?
?	PD	/WORK/nscc-gz_sgao/matgen_dft/vasprun/running/stru/icsd_627864-Tm3Cu4Ge4	icsd_627864-Tm3Cu4Ge4.sh	?
?	PD	/WORK/nscc-gz_sgao/matgen_dft/vasprun/running/stru/icsd_629293-Zn1Cu2Sn1Te4	icsd_629293-Zn1Cu2Sn1Te4.sh	?
?	PD	/WORK/nscc-gz_sgao/matgen_dft/vasprun/running/stru/icsd_157374-Ho3Ag4Sn4	icsd_157374-Ho3Ag4Sn4.sh	?
?	PD	/WORK/nscc-gz_sgao/matgen_dft/vasprun/running/stru/icsd_616013-Ba1P2Ru2	icsd_616013-Ba1P2Ru2.sh	?
?	PD	/WORK/nscc-gz_sgao/matgen_dft/vasprun/running/stru/icsd_31657-U1F5	icsd_31657-U1F5.sh	?
?	PD	/WORK/nscc-gz_sgao/matgen_dft/vasprun/running/stru/icsd_67334-Ba2Tl2Cu1O6	icsd_67334-Ba2Tl2Cu1O6.sh	?
?	PD	/WORK/nscc-gz_sgao/matgen_dft/vasprun/running/stru/icsd_710017-Nd1Ge5	icsd_710017-Nd1Ge5.sh	?
?	PD	/WORK/nscc-gz_sgao/matgen_dft/vasprun/running/stru/icsd_624028-La1Co1Si3	icsd_624028-La1Co1Si3.sh	?
?	PD	/WORK/nscc-gz_sgao/matgen_dft/vasprun/running/stru/icsd_637368-Np1Ni2Ge2	icsd_637368-Np1Ni2Ge2.sh	?
?	PD	/WORK/nscc-gz_sgao/matgen_dft/vasprun/running/stru/icsd_106687-Ce1Si2Au2	icsd_106687-Ce1Si2Au2.sh	?
?	PD	/WORK/nscc-gz_sgao/matgen_dft/vasprun/running/stru/icsd_627987-Ho3Cu4Sn4	icsd_627987-Ho3Cu4Sn4.sh	?
?	PD	/WORK/nscc-gz_sgao/matgen_dft/vasprun/running/stru/icsd_625833-Dy1Cr2Ge2	icsd_625833-Dy1Cr2Ge2.sh	?
?	PD	/WORK/nscc-gz_sgao/matgen_dft/vasprun/running/stru/icsd_161867-Ce1Ge3Rh1	icsd_161867-Ce1Ge3Rh1.sh	?
?	PD	/WORK/nscc-gz_sgao/matgen_dft/vasprun/running/stru/icsd_645651-Nd1Ni2Sn2	icsd_645651-Nd1Ni2Sn2.sh	?
?	PD	/WORK/nscc-gz_sgao/matgen_dft/vasprun/running/stru/icsd_605084-Dy2Ag2Se4	icsd_605084-Dy2Ag2Se4.sh	?
?	PD	/WORK/nscc-gz_sgao/matgen_dft/vasprun/running/stru/icsd_610273-Sr1Cr2As2	icsd_610273-Sr1Cr2As2.sh	?
?	PD	/WORK/nscc-gz_sgao/matgen_dft/vasprun/running/stru/icsd_418409-La4C2Br5	icsd_418409-La4C2Br5.sh	?
?	PD	/WORK/nscc-gz_sgao/matgen_dft/vasprun/running/stru/icsd_41561-U6Si2	icsd_41561-U6Si2.sh	?
?	PD	/WORK/nscc-gz_sgao/matgen_dft/vasprun/running/stru/icsd_629884-Dy1Si3Ir1	icsd_629884-Dy1Si3Ir1.sh	?
?	PD	/WORK/nscc-gz_sgao/matgen_dft/vasprun/running/stru/icsd_642482-Lu1Si2Os2	icsd_642482-Lu1Si2Os2.sh	?
?	PD	/WORK/nscc-gz_sgao/matgen_dft/vasprun/running/stru/icsd_627022-Cs2Mn2P2	icsd_627022-Cs2Mn2P2.sh	?
?	PD	/WORK/nscc-gz_sgao/matgen_dft/vasprun/running/stru/icsd_613166-Co1B2Mo2	icsd_613166-Co1B2Mo2.sh	?
?	PD	/WORK/nscc-gz_sgao/matgen_dft/vasprun/running/stru/icsd_611768-Cu2Sn2Au2	icsd_611768-Cu2Sn2Au2.sh	?
?	PD	/WORK/nscc-gz_sgao/matgen_dft/vasprun/running/stru/icsd_609398-Sm1Al2Zn2	icsd_609398-Sm1Al2Zn2.sh	?
?	PD	/WORK/nscc-gz_sgao/matgen_dft/vasprun/running/stru/icsd_647804-Y1Si2Os2	icsd_647804-Y1Si2Os2.sh	?
?	PD	/WORK/nscc-gz_sgao/matgen_dft/vasprun/running/stru/icsd_608306-La1Al5Ni2	icsd_608306-La1Al5Ni2.sh	?
?	PD	/WORK/nscc-gz_sgao/matgen_dft/vasprun/running/stru/icsd_607792-Nd1Al2Ga2	icsd_607792-Nd1Al2Ga2.sh	?
?	PD	/WORK/nscc-gz_sgao/matgen_dft/vasprun/running/stru/icsd_1139-Rb2Mn1Cl4	icsd_1139-Rb2Mn1Cl4.sh	?
?	PD	/WORK/nscc-gz_sgao/matgen_dft/vasprun/running/stru/icsd_602100-Tb1P2Ru2	icsd_602100-Tb1P2Ru2.sh	?
?	PD	/WORK/nscc-gz_sgao/matgen_dft/vasprun/running/stru/icsd_605827-Tb2Ag2Se4	icsd_605827-Tb2Ag2Se4.sh	?
?	PD	/WORK/nscc-gz_sgao/matgen_dft/vasprun/running/stru/icsd_607781-La1Al2Ga2	icsd_607781-La1Al2Ga2.sh	?
?	PD	/WORK/nscc-gz_sgao/matgen_dft/vasprun/running/stru/icsd_74434-Sr3Fe2O6	icsd_74434-Sr3Fe2O6.sh	?
?	PD	/WORK/nscc-gz_sgao/matgen_dft/vasprun/running/stru/icsd_610956-Mo5As4	icsd_610956-Mo5As4.sh	?
?	PD	/WORK/nscc-gz_sgao/matgen_dft/vasprun/running/stru/icsd_53397-Er1Mn2Si2	icsd_53397-Er1Mn2Si2.sh	?
?	PD	/WORK/nscc-gz_sgao/matgen_dft/vasprun/running/stru/icsd_642090-La2Zn4	icsd_642090-La2Zn4.sh	?
?	PD	/WORK/nscc-gz_sgao/matgen_dft/vasprun/running/stru/icsd_629226-Y3Cu4Si4	icsd_629226-Y3Cu4Si4.sh	?
?	PD	/WORK/nscc-gz_sgao/matgen_dft/vasprun/running/stru/icsd_650648-Tm1Si2Ru2	icsd_650648-Tm1Si2Ru2.sh	?
?	PD	/WORK/nscc-gz_sgao/matgen_dft/vasprun/running/stru/icsd_625074-Th1Co1Si3	icsd_625074-Th1Co1Si3.sh	?
?	PD	/WORK/nscc-gz_sgao/matgen_dft/vasprun/running/stru/icsd_406894-Ce1Sn6Ru4	icsd_406894-Ce1Sn6Ru4.sh	?
?	PD	/WORK/nscc-gz_sgao/matgen_dft/vasprun/running/stru/icsd_635676-Yb1Ga4	icsd_635676-Yb1Ga4.sh	?
?	PD	/WORK/nscc-gz_sgao/matgen_dft/vasprun/running/stru/icsd_621199-Ce2Ge4	icsd_621199-Ce2Ge4.sh	?
?	PD	/WORK/nscc-gz_sgao/matgen_dft/vasprun/running/stru/icsd_37185-Sr2Si4	icsd_37185-Sr2Si4.sh	?
?	PD	/WORK/nscc-gz_sgao/matgen_dft/vasprun/running/stru/icsd_52983-Np1Co2Ge2	icsd_52983-Np1Co2Ge2.sh	?
?	PD	/WORK/nscc-gz_sgao/matgen_dft/vasprun/running/stru/icsd_623956-K1Co2S2	icsd_623956-K1Co2S2.sh	?
?	PD	/WORK/nscc-gz_sgao/matgen_dft/vasprun/running/stru/icsd_602102-Ho1P2Ru2	icsd_602102-Ho1P2Ru2.sh	?
?	PD	/WORK/nscc-gz_sgao/matgen_dft/vasprun/running/stru/icsd_621055-Ce1Fe2P2	icsd_621055-Ce1Fe2P2.sh	?
?	PD	/WORK/nscc-gz_sgao/matgen_dft/vasprun/running/stru/icsd_106244-Pr1Al2Zn2	icsd_106244-Pr1Al2Zn2.sh	?
?	PD	/WORK/nscc-gz_sgao/matgen_dft/vasprun/running/stru/icsd_646551-Tl1Ni2Se2	icsd_646551-Tl1Ni2Se2.sh	?
?	PD	/WORK/nscc-gz_sgao/matgen_dft/vasprun/running/stru/icsd_613974-Ho1Fe2B2	icsd_613974-Ho1Fe2B2.sh	?
?	PD	/WORK/nscc-gz_sgao/matgen_dft/vasprun/running/stru/icsd_55650-Er3Cu4Si4	icsd_55650-Er3Cu4Si4.sh	?
?	PD	/WORK/nscc-gz_sgao/matgen_dft/vasprun/running/stru/icsd_624795-Rb1Co2S2	icsd_624795-Rb1Co2S2.sh	?
?	PD	/WORK/nscc-gz_sgao/matgen_dft/vasprun/running/stru/icsd_612925-Er1Co2B2	icsd_612925-Er1Co2B2.sh	?
?	PD	/WORK/nscc-gz_sgao/matgen_dft/vasprun/running/stru/icsd_611069-Sm1Ni2As2	icsd_611069-Sm1Ni2As2.sh	?
?	PD	/WORK/nscc-gz_sgao/matgen_dft/vasprun/running/stru/icsd_106696-Sm1Si2Ag2	icsd_106696-Sm1Si2Ag2.sh	?
?	PD	/WORK/nscc-gz_sgao/matgen_dft/vasprun/running/stru/icsd_627879-Yb3Cu4Ge4	icsd_627879-Yb3Cu4Ge4.sh	?
?	PD	/WORK/nscc-gz_sgao/matgen_dft/vasprun/running/stru/icsd_612131-Lu1Au4	icsd_612131-Lu1Au4.sh	?
?	PD	/WORK/nscc-gz_sgao/matgen_dft/vasprun/running/stru/icsd_610099-Pr1Co2As2	icsd_610099-Pr1Co2As2.sh	?
?	PD	/WORK/nscc-gz_sgao/matgen_dft/vasprun/running/stru/icsd_635976-Gd1Mn2Si2	icsd_635976-Gd1Mn2Si2.sh	?
?	PD	/WORK/nscc-gz_sgao/matgen_dft/vasprun/running/stru/icsd_58885-Ca2Ga1Cu2	icsd_58885-Ca2Ga1Cu2.sh	?
?	PD	/WORK/nscc-gz_sgao/matgen_dft/vasprun/running/stru/icsd_182274-Ba1Fe2As2	icsd_182274-Ba1Fe2As2.sh	?
?	PD	/WORK/nscc-gz_sgao/matgen_dft/vasprun/running/stru/icsd_419134-Yb4Mn2Sn5	icsd_419134-Yb4Mn2Sn5.sh	?
?	PD	/WORK/nscc-gz_sgao/matgen_dft/vasprun/running/stru/icsd_602128-Y1P2Ru2	icsd_602128-Y1P2Ru2.sh	?
?	PD	/WORK/nscc-gz_sgao/matgen_dft/vasprun/running/stru/icsd_106137-Tb2Zn4	icsd_106137-Tb2Zn4.sh	?
?	PD	/WORK/nscc-gz_sgao/matgen_dft/vasprun/running/stru/icsd_411149-Pr2Ti2S2O5	icsd_411149-Pr2Ti2S2O5.sh	?
?	PD	/WORK/nscc-gz_sgao/matgen_dft/vasprun/running/stru/icsd_88181-Tb1Ni2P2	icsd_88181-Tb1Ni2P2.sh	?
?	PD	/WORK/nscc-gz_sgao/matgen_dft/vasprun/running/stru/icsd_602096-Sr1P2Os2	icsd_602096-Sr1P2Os2.sh	?
?	PD	/WORK/nscc-gz_sgao/matgen_dft/vasprun/running/stru/icsd_77846-U2Te2P2	icsd_77846-U2Te2P2.sh	?
?	PD	/WORK/nscc-gz_sgao/matgen_dft/vasprun/running/stru/icsd_648864-Sr1Si2Pd2	icsd_648864-Sr1Si2Pd2.sh	?
?	PD	/WORK/nscc-gz_sgao/matgen_dft/vasprun/running/stru/icsd_646442-Sr1Ni2Sb2	icsd_646442-Sr1Ni2Sb2.sh	?
?	PD	/WORK/nscc-gz_sgao/matgen_dft/vasprun/running/stru/icsd_648697-Pr1Si2Pd2	icsd_648697-Pr1Si2Pd2.sh	?
?	PD	/WORK/nscc-gz_sgao/matgen_dft/vasprun/running/stru/icsd_614808-B4Mo4	icsd_614808-B4Mo4.sh	?
?	PD	/WORK/nscc-gz_sgao/matgen_dft/vasprun/running/stru/icsd_24278-B2Mo4	icsd_24278-B2Mo4.sh	?
?	PD	/WORK/nscc-gz_sgao/matgen_dft/vasprun/running/stru/icsd_69726-U2Cu4As5	icsd_69726-U2Cu4As5.sh	?
?	PD	/WORK/nscc-gz_sgao/matgen_dft/vasprun/running/stru/icsd_106843-Sm1Cu2Si2	icsd_106843-Sm1Cu2Si2.sh	?
?	PD	/WORK/nscc-gz_sgao/matgen_dft/vasprun/running/stru/icsd_153292-Mn1Ga1Ni2	icsd_153292-Mn1Ga1Ni2.sh	?
?	PD	/WORK/nscc-gz_sgao/matgen_dft/vasprun/running/stru/icsd_626579-Cr1Te4Rh2	icsd_626579-Cr1Te4Rh2.sh	?
?	PD	/WORK/nscc-gz_sgao/matgen_dft/vasprun/running/stru/icsd_646183-Y1Ni2P2	icsd_646183-Y1Ni2P2.sh	?
?	PD	/WORK/nscc-gz_sgao/matgen_dft/vasprun/running/stru/icsd_625135-Zr1Co2Si2	icsd_625135-Zr1Co2Si2.sh	?
?	PD	/WORK/nscc-gz_sgao/matgen_dft/vasprun/running/stru/icsd_57354-Ca2Ag4	icsd_57354-Ca2Ag4.sh	?
?	PD	/WORK/nscc-gz_sgao/matgen_dft/vasprun/running/stru/icsd_36197-Hg2I2	icsd_36197-Hg2I2.sh	?
?	PD	/WORK/nscc-gz_sgao/matgen_dft/vasprun/running/stru/icsd_56652-Tm1Ni2B2C1	icsd_56652-Tm1Ni2B2C1.sh	?
?	PD	/WORK/nscc-gz_sgao/matgen_dft/vasprun/running/stru/icsd_105387-Ta4Ni2	icsd_105387-Ta4Ni2.sh	?
?	PD	/WORK/nscc-gz_sgao/matgen_dft/vasprun/running/stru/icsd_623400-Gd1Co1Si3	icsd_623400-Gd1Co1Si3.sh	?
?	PD	/WORK/nscc-gz_sgao/matgen_dft/vasprun/running/stru/icsd_161868-Ce1Ge3Ir1	icsd_161868-Ce1Ge3Ir1.sh	?
?	PD	/WORK/nscc-gz_sgao/matgen_dft/vasprun/running/stru/icsd_610002-Ce1Co2As2	icsd_610002-Ce1Co2As2.sh	?
?	PD	/WORK/nscc-gz_sgao/matgen_dft/vasprun/running/stru/icsd_629346-Tl1Cu2Te2	icsd_629346-Tl1Cu2Te2.sh	?
?	PD	/WORK/nscc-gz_sgao/matgen_dft/vasprun/running/stru/icsd_616555-Ce4Bi2	icsd_616555-Ce4Bi2.sh	?
?	PD	/WORK/nscc-gz_sgao/matgen_dft/vasprun/running/stru/icsd_627142-Dy3Cu4Ge4	icsd_627142-Dy3Cu4Ge4.sh	?
?	PD	/WORK/nscc-gz_sgao/matgen_dft/vasprun/running/stru/icsd_52332-V5Sb4	icsd_52332-V5Sb4.sh	?
?	PD	/WORK/nscc-gz_sgao/matgen_dft/vasprun/running/stru/icsd_245435-Rb4C1O4	icsd_245435-Rb4C1O4.sh	?
?	PD	/WORK/nscc-gz_sgao/matgen_dft/vasprun/running/stru/icsd_106878-Er1Co2Ge2	icsd_106878-Er1Co2Ge2.sh	?
?	PD	/WORK/nscc-gz_sgao/matgen_dft/vasprun/running/stru/icsd_58892-Ca1Ga4	icsd_58892-Ca1Ga4.sh	?
?	PD	/WORK/nscc-gz_sgao/matgen_dft/vasprun/running/stru/icsd_76573-Nb5Sb4	icsd_76573-Nb5Sb4.sh	?
?	PD	/WORK/nscc-gz_sgao/matgen_dft/vasprun/running/stru/icsd_616975-Pr4Bi2	icsd_616975-Pr4Bi2.sh	?
?	PD	/WORK/nscc-gz_sgao/matgen_dft/vasprun/running/stru/icsd_20299-Ca1Si2Ni2	icsd_20299-Ca1Si2Ni2.sh	?
?	PD	/WORK/nscc-gz_sgao/matgen_dft/vasprun/running/stru/icsd_602121-Sm1P2Ru2	icsd_602121-Sm1P2Ru2.sh	?
?	PD	/WORK/nscc-gz_sgao/matgen_dft/vasprun/running/stru/icsd_604549-Lu1Fe2B2	icsd_604549-Lu1Fe2B2.sh	?
?	PD	/WORK/nscc-gz_sgao/matgen_dft/vasprun/running/stru/icsd_76027-Nb2P2	icsd_76027-Nb2P2.sh	?
?	PD	/WORK/nscc-gz_sgao/matgen_dft/vasprun/running/stru/icsd_638721-Hf1Si2Ni2	icsd_638721-Hf1Si2Ni2.sh	?
?	PD	/WORK/nscc-gz_sgao/matgen_dft/vasprun/running/stru/icsd_608823-Pr2Al1Ni2	icsd_608823-Pr2Al1Ni2.sh	?
?	PD	/WORK/nscc-gz_sgao/matgen_dft/vasprun/running/stru/icsd_69681-Rb2Mg1F4	icsd_69681-Rb2Mg1F4.sh	?
?	PD	/WORK/nscc-gz_sgao/matgen_dft/vasprun/running/stru/icsd_53089-Yb1Co2Si2	icsd_53089-Yb1Co2Si2.sh	?
?	PD	/WORK/nscc-gz_sgao/matgen_dft/vasprun/running/stru/icsd_653363-Tm2Zn4	icsd_653363-Tm2Zn4.sh	?
?	PD	/WORK/nscc-gz_sgao/matgen_dft/vasprun/running/stru/icsd_616862-Nd4Bi2	icsd_616862-Nd4Bi2.sh	?
?	PD	/WORK/nscc-gz_sgao/matgen_dft/vasprun/running/stru/icsd_646127-Pr1Ni2P2	icsd_646127-Pr1Ni2P2.sh	?
?	PD	/WORK/nscc-gz_sgao/matgen_dft/vasprun/running/stru/icsd_40319-U1Cr4C4	icsd_40319-U1Cr4C4.sh	?
?	PD	/WORK/nscc-gz_sgao/matgen_dft/vasprun/running/stru/icsd_14096-Ba2Ge4	icsd_14096-Ba2Ge4.sh	?
?	PD	/WORK/nscc-gz_sgao/matgen_dft/vasprun/running/stru/icsd_609849-Ba1Cr2As2	icsd_609849-Ba1Cr2As2.sh	?
?	PD	/WORK/nscc-gz_sgao/matgen_dft/vasprun/running/stru/icsd_641292-K1P2Rh2	icsd_641292-K1P2Rh2.sh	?
?	PD	/WORK/nscc-gz_sgao/matgen_dft/vasprun/running/stru/icsd_150533-Th2Ga4	icsd_150533-Th2Ga4.sh	?
?	PD	/WORK/nscc-gz_sgao/matgen_dft/vasprun/running/stru/icsd_644017-Ni4Mo1	icsd_644017-Ni4Mo1.sh	?
?	PD	/WORK/nscc-gz_sgao/matgen_dft/vasprun/running/stru/icsd_624798-Rb1Co2Se2	icsd_624798-Rb1Co2Se2.sh	?
?	PD	/WORK/nscc-gz_sgao/matgen_dft/vasprun/running/stru/icsd_626896-Ti1Cr2Te4	icsd_626896-Ti1Cr2Te4.sh	?
?	PD	/WORK/nscc-gz_sgao/matgen_dft/vasprun/running/stru/icsd_92989-Zr2Ti2As2	icsd_92989-Zr2Ti2As2.sh	?
?	PD	/WORK/nscc-gz_sgao/matgen_dft/vasprun/running/stru/icsd_610073-La1Co2As2	icsd_610073-La1Co2As2.sh	?
?	PD	/WORK/nscc-gz_sgao/matgen_dft/vasprun/running/stru/icsd_151160-Ce3Cu4Sn4	icsd_151160-Ce3Cu4Sn4.sh	?
?	PD	/WORK/nscc-gz_sgao/matgen_dft/vasprun/running/stru/icsd_151466-Hf4Ni2	icsd_151466-Hf4Ni2.sh	?
?	PD	/WORK/nscc-gz_sgao/matgen_dft/vasprun/running/stru/icsd_612436-Tm1Au4	icsd_612436-Tm1Au4.sh	?
?	PD	/WORK/nscc-gz_sgao/matgen_dft/vasprun/running/stru/icsd_36128-Ba2Cu3Br2O4	icsd_36128-Ba2Cu3Br2O4.sh	?
?	PD	/WORK/nscc-gz_sgao/matgen_dft/vasprun/running/stru/icsd_77962-Ge2Pt6	icsd_77962-Ge2Pt6.sh	?
?	PD	/WORK/nscc-gz_sgao/matgen_dft/vasprun/running/stru/icsd_16585-Nb2As2	icsd_16585-Nb2As2.sh	?
?	PD	/WORK/nscc-gz_sgao/matgen_dft/vasprun/running/stru/icsd_646396-Tl1Ni2S2	icsd_646396-Tl1Ni2S2.sh	?
?	PD	/WORK/nscc-gz_sgao/matgen_dft/vasprun/running/stru/icsd_613310-Sm1Co2B2	icsd_613310-Sm1Co2B2.sh	?
?	PD	/WORK/nscc-gz_sgao/matgen_dft/vasprun/running/stru/icsd_9265-Na1N1O2	icsd_9265-Na1N1O2.sh	?
?	PD	/WORK/nscc-gz_sgao/matgen_dft/vasprun/running/stru/icsd_610072-K1Co2As2	icsd_610072-K1Co2As2.sh	?
?	PD	/WORK/nscc-gz_sgao/matgen_dft/vasprun/running/stru/icsd_106846-Lu1Cu2Si2	icsd_106846-Lu1Cu2Si2.sh	?
?	PD	/WORK/nscc-gz_sgao/matgen_dft/vasprun/running/stru/icsd_615069-Ni1B2W2	icsd_615069-Ni1B2W2.sh	?
?	PD	/WORK/nscc-gz_sgao/matgen_dft/vasprun/running/stru/icsd_635459-Sr1Ga4	icsd_635459-Sr1Ga4.sh	?
?	PD	/WORK/nscc-gz_sgao/matgen_dft/vasprun/running/stru/icsd_626849-Yb1Cr2Si2	icsd_626849-Yb1Cr2Si2.sh	?
?	PD	/WORK/nscc-gz_sgao/matgen_dft/vasprun/running/stru/icsd_27040-Nb2As2	icsd_27040-Nb2As2.sh	?
?	PD	/WORK/nscc-gz_sgao/matgen_dft/vasprun/running/stru/icsd_608758-Nd1Al4	icsd_608758-Nd1Al4.sh	?
?	PD	/WORK/nscc-gz_sgao/matgen_dft/vasprun/running/stru/icsd_73067-Ba1Dy2Co1O5	icsd_73067-Ba1Dy2Co1O5.sh	?
?	PD	/WORK/nscc-gz_sgao/matgen_dft/vasprun/running/stru/icsd_633560-Sm1Fe2Si2	icsd_633560-Sm1Fe2Si2.sh	?
?	PD	/WORK/nscc-gz_sgao/matgen_dft/vasprun/running/stru/icsd_65458-Cs4Mn2Se4	icsd_65458-Cs4Mn2Se4.sh	?
?	PD	/WORK/nscc-gz_sgao/matgen_dft/vasprun/running/stru/icsd_608769-Nd2Al1Ni2	icsd_608769-Nd2Al1Ni2.sh	?
?	PD	/WORK/nscc-gz_sgao/matgen_dft/vasprun/running/stru/icsd_609848-Ba1Co2As2	icsd_609848-Ba1Co2As2.sh	?
?	PD	/WORK/nscc-gz_sgao/matgen_dft/vasprun/running/stru/icsd_710015-Sm1Ge5	icsd_710015-Sm1Ge5.sh	?
?	PD	/WORK/nscc-gz_sgao/matgen_dft/vasprun/running/stru/icsd_103999-Y1Ti2Ga4	icsd_103999-Y1Ti2Ga4.sh	?
?	PD	/WORK/nscc-gz_sgao/matgen_dft/vasprun/running/stru/icsd_647793-Th1Si2Os2	icsd_647793-Th1Si2Os2.sh	?
?	PD	/WORK/nscc-gz_sgao/matgen_dft/vasprun/running/stru/icsd_87316-U2Ge2Se2	icsd_87316-U2Ge2Se2.sh	?
?	PD	/WORK/nscc-gz_sgao/matgen_dft/vasprun/running/stru/icsd_614233-Tm1Fe2B2	icsd_614233-Tm1Fe2B2.sh	?
?	PD	/WORK/nscc-gz_sgao/matgen_dft/vasprun/running/stru/icsd_643301-Mn2Pd6	icsd_643301-Mn2Pd6.sh	?
?	PD	/WORK/nscc-gz_sgao/matgen_dft/vasprun/running/stru/icsd_29312-Ni3S3	icsd_29312-Ni3S3.sh	?
?	PD	/WORK/nscc-gz_sgao/matgen_dft/vasprun/running/stru/icsd_411148-Nd2Ti2S2O5	icsd_411148-Nd2Ti2S2O5.sh	?
?	PD	/WORK/nscc-gz_sgao/matgen_dft/vasprun/running/stru/icsd_610122-Sr1Co2As2	icsd_610122-Sr1Co2As2.sh	?
?	PD	/WORK/nscc-gz_sgao/matgen_dft/vasprun/running/stru/icsd_602113-Er1P2Ru2	icsd_602113-Er1P2Ru2.sh	?
?	PD	/WORK/nscc-gz_sgao/matgen_dft/vasprun/running/stru/icsd_632411-La1Fe2P2	icsd_632411-La1Fe2P2.sh	?
?	PD	/WORK/nscc-gz_sgao/matgen_dft/vasprun/running/stru/icsd_604945-Ce1Ag2Ge2	icsd_604945-Ce1Ag2Ge2.sh	?
?	PD	/WORK/nscc-gz_sgao/matgen_dft/vasprun/running/stru/icsd_8000-K2Cu2F6	icsd_8000-K2Cu2F6.sh	?
?	PD	/WORK/nscc-gz_sgao/matgen_dft/vasprun/running/stru/icsd_418227-Dy1P2Pt8	icsd_418227-Dy1P2Pt8.sh	?
?	PD	/WORK/nscc-gz_sgao/matgen_dft/vasprun/running/stru/icsd_646729-Sm1Ni2Sn2	icsd_646729-Sm1Ni2Sn2.sh	?
?	PD	/WORK/nscc-gz_sgao/matgen_dft/vasprun/running/stru/icsd_605976-Yb2Ag4	icsd_605976-Yb2Ag4.sh	?
?	PD	/WORK/nscc-gz_sgao/matgen_dft/vasprun/running/stru/icsd_609379-Sm1Al4	icsd_609379-Sm1Al4.sh	?
?	PD	/WORK/nscc-gz_sgao/matgen_dft/vasprun/running/stru/icsd_625062-Tb1Co1Si3	icsd_625062-Tb1Co1Si3.sh	?
?	PD	/WORK/nscc-gz_sgao/matgen_dft/vasprun/running/stru/icsd_104347-Sr2Hg4	icsd_104347-Sr2Hg4.sh	?
?	PD	/WORK/nscc-gz_sgao/matgen_dft/vasprun/running/stru/icsd_624433-Nd1Co1Si3	icsd_624433-Nd1Co1Si3.sh	?
?	PD	/WORK/nscc-gz_sgao/matgen_dft/vasprun/running/stru/icsd_649210-Pr1Si2Pt2	icsd_649210-Pr1Si2Pt2.sh	?
?	PD	/WORK/nscc-gz_sgao/matgen_dft/vasprun/running/stru/icsd_601019-La2Sc2Ge2	icsd_601019-La2Sc2Ge2.sh	?
?	PD	/WORK/nscc-gz_sgao/matgen_dft/vasprun/running/stru/icsd_633017-Np1Fe2Si2	icsd_633017-Np1Fe2Si2.sh	?
?	PD	/WORK/nscc-gz_sgao/matgen_dft/vasprun/running/stru/icsd_10462-Ca1Co2P2	icsd_10462-Ca1Co2P2.sh	?
?	PD	/WORK/nscc-gz_sgao/matgen_dft/vasprun/running/stru/icsd_645622-Nd1Ni2Sb2	icsd_645622-Nd1Ni2Sb2.sh	?
?	PD	/WORK/nscc-gz_sgao/matgen_dft/vasprun/running/stru/icsd_56653-Yb1Ni2B2C1	icsd_56653-Yb1Ni2B2C1.sh	?
?	PD	/WORK/nscc-gz_sgao/matgen_dft/vasprun/running/stru/icsd_638425-Zr2H2Pd1	icsd_638425-Zr2H2Pd1.sh	?
?	PD	/WORK/nscc-gz_sgao/matgen_dft/vasprun/running/stru/icsd_608388-Lu2Al1Ni2	icsd_608388-Lu2Al1Ni2.sh	?
?	PD	/WORK/nscc-gz_sgao/matgen_dft/vasprun/running/stru/icsd_46003-V2Co1O6	icsd_46003-V2Co1O6.sh	?
?	PD	/WORK/nscc-gz_sgao/matgen_dft/vasprun/running/stru/icsd_53395-Er1Si2Ir2	icsd_53395-Er1Si2Ir2.sh	?
?	PD	/WORK/nscc-gz_sgao/matgen_dft/vasprun/running/stru/icsd_626799-Sm1Cr2Si2	icsd_626799-Sm1Cr2Si2.sh	?
?	PD	/WORK/nscc-gz_sgao/matgen_dft/vasprun/running/stru/icsd_183519-Pr2Mg2Sn2	icsd_183519-Pr2Mg2Sn2.sh	?
?	PD	/WORK/nscc-gz_sgao/matgen_dft/vasprun/running/stru/icsd_78283-La1B2Ir2C1	icsd_78283-La1B2Ir2C1.sh	?
?	PD	/WORK/nscc-gz_sgao/matgen_dft/vasprun/running/stru/icsd_96133-La1F3	icsd_96133-La1F3.sh	?
?	PD	/WORK/nscc-gz_sgao/matgen_dft/vasprun/running/stru/icsd_106820-Gd1Co2Si2	icsd_106820-Gd1Co2Si2.sh	?
?	PD	/WORK/nscc-gz_sgao/matgen_dft/vasprun/running/stru/icsd_653254-Th4Zn2	icsd_653254-Th4Zn2.sh	?
?	PD	/WORK/nscc-gz_sgao/matgen_dft/vasprun/running/stru/icsd_42366-U2Te2As2	icsd_42366-U2Te2As2.sh	?
?	PD	/WORK/nscc-gz_sgao/matgen_dft/vasprun/running/stru/icsd_608205-Ho2Al1Ni2	icsd_608205-Ho2Al1Ni2.sh	?
?	PD	/WORK/nscc-gz_sgao/matgen_dft/vasprun/running/stru/icsd_637665-Pu2Ge4	icsd_637665-Pu2Ge4.sh	?
?	PD	/WORK/nscc-gz_sgao/matgen_dft/vasprun/running/stru/icsd_67370-K1Co2Se2	icsd_67370-K1Co2Se2.sh	?
?	PD	/WORK/nscc-gz_sgao/matgen_dft/vasprun/running/stru/icsd_610090-Nd1Co2As2	icsd_610090-Nd1Co2As2.sh	?
?	PD	/WORK/nscc-gz_sgao/matgen_dft/vasprun/running/stru/icsd_629211-Tm3Cu4Si4	icsd_629211-Tm3Cu4Si4.sh	?
?	PD	/WORK/nscc-gz_sgao/matgen_dft/vasprun/running/stru/icsd_632092-Np1Fe2Ge2	icsd_632092-Np1Fe2Ge2.sh	?
?	PD	/WORK/nscc-gz_sgao/matgen_dft/vasprun/running/stru/icsd_67657-La2Fe2Se2O3	icsd_67657-La2Fe2Se2O3.sh	?
?	PD	/WORK/nscc-gz_sgao/matgen_dft/vasprun/running/stru/icsd_103822-Na1Ga4	icsd_103822-Na1Ga4.sh	?
?	PD	/WORK/nscc-gz_sgao/matgen_dft/vasprun/running/stru/icsd_602104-Yb1P2Ru2	icsd_602104-Yb1P2Ru2.sh	?
?	PD	/WORK/nscc-gz_sgao/matgen_dft/vasprun/running/stru/icsd_647806-Yb1Si2Os2	icsd_647806-Yb1Si2Os2.sh	?
?	PD	/WORK/nscc-gz_sgao/matgen_dft/vasprun/running/stru/icsd_636063-Gd1Ni2P2	icsd_636063-Gd1Ni2P2.sh	?
?	PD	/WORK/nscc-gz_sgao/matgen_dft/vasprun/running/stru/icsd_602099-Gd1P2Ru2	icsd_602099-Gd1P2Ru2.sh	?
?	PD	/WORK/nscc-gz_sgao/matgen_dft/vasprun/running/stru/icsd_646437-Sm1Ni2Sb2	icsd_646437-Sm1Ni2Sb2.sh	?
?	PD	/WORK/nscc-gz_sgao/matgen_dft/vasprun/running/stru/icsd_647796-Tm1Si2Os2	icsd_647796-Tm1Si2Os2.sh	?
?	PD	/WORK/nscc-gz_sgao/matgen_dft/vasprun/running/stru/icsd_629021-Sc3Cu4Si4	icsd_629021-Sc3Cu4Si4.sh	?
?	PD	/WORK/nscc-gz_sgao/matgen_dft/vasprun/running/stru/icsd_106821-Ce1Fe2Si2	icsd_106821-Ce1Fe2Si2.sh	?
?	PD	/WORK/nscc-gz_sgao/matgen_dft/vasprun/running/stru/icsd_53056-Np1Co2Si2	icsd_53056-Np1Co2Si2.sh	?
?	PD	/WORK/nscc-gz_sgao/matgen_dft/vasprun/running/stru/icsd_53073-Sm1Co2Si2	icsd_53073-Sm1Co2Si2.sh	?
?	PD	/WORK/nscc-gz_sgao/matgen_dft/vasprun/running/stru/icsd_613114-Ho1Co2B2	icsd_613114-Ho1Co2B2.sh	?
?	PD	/WORK/nscc-gz_sgao/matgen_dft/vasprun/running/stru/icsd_608919-Tm2Al1Ni2	icsd_608919-Tm2Al1Ni2.sh	?
?	PD	/WORK/nscc-gz_sgao/matgen_dft/vasprun/running/stru/icsd_605603-Nd2Ag4	icsd_605603-Nd2Ag4.sh	?
?	PD	/WORK/nscc-gz_sgao/matgen_dft/vasprun/running/stru/icsd_106529-Sm2Cu4Sn5	icsd_106529-Sm2Cu4Sn5.sh	?
?	PD	/WORK/nscc-gz_sgao/matgen_dft/vasprun/running/stru/icsd_16216-Ca2Cu1O3	icsd_16216-Ca2Cu1O3.sh	?
?	PD	/WORK/nscc-gz_sgao/matgen_dft/vasprun/running/stru/icsd_610296-Cs1As2Rh2	icsd_610296-Cs1As2Rh2.sh	?
?	PD	/WORK/nscc-gz_sgao/matgen_dft/vasprun/running/stru/icsd_629232-Yb3Cu4Si4	icsd_629232-Yb3Cu4Si4.sh	?
?	PD	/WORK/nscc-gz_sgao/matgen_dft/vasprun/running/stru/icsd_15454-K2Os1Cl4O2	icsd_15454-K2Os1Cl4O2.sh	?
?	PD	/WORK/nscc-gz_sgao/matgen_dft/vasprun/running/stru/icsd_150151-Pr1B2Rh2C1	icsd_150151-Pr1B2Rh2C1.sh	?
?	PD	/WORK/nscc-gz_sgao/matgen_dft/vasprun/running/stru/icsd_154852-Gd2Ti2Ge2	icsd_154852-Gd2Ti2Ge2.sh	?
?	PD	/WORK/nscc-gz_sgao/matgen_dft/vasprun/running/stru/icsd_106234-Yb2Zn4	icsd_106234-Yb2Zn4.sh	?
?	PD	/WORK/nscc-gz_sgao/matgen_dft/vasprun/running/stru/icsd_43898-Cr2As4	icsd_43898-Cr2As4.sh	?
?	PD	/WORK/nscc-gz_sgao/matgen_dft/vasprun/running/stru/icsd_659935-Nd1Ni2P2	icsd_659935-Nd1Ni2P2.sh	?
?	PD	/WORK/nscc-gz_sgao/matgen_dft/vasprun/running/stru/icsd_612460-V1Au4	icsd_612460-V1Au4.sh	?
?	PD	/WORK/nscc-gz_sgao/matgen_dft/vasprun/running/stru/icsd_626472-Np1Cr2Si2	icsd_626472-Np1Cr2Si2.sh	?
?	PD	/WORK/nscc-gz_sgao/matgen_dft/vasprun/running/stru/icsd_646290-Pr1Ni2Sn2	icsd_646290-Pr1Ni2Sn2.sh	?
?	PD	/WORK/nscc-gz_sgao/matgen_dft/vasprun/running/stru/icsd_632475-Lu1Fe2Si2	icsd_632475-Lu1Fe2Si2.sh	?
?	PD	/WORK/nscc-gz_sgao/matgen_dft/vasprun/running/stru/icsd_106695-Nd1Si2Ag2	icsd_106695-Nd1Si2Ag2.sh	?
?	PD	/WORK/nscc-gz_sgao/matgen_dft/vasprun/running/stru/icsd_68582-Ba2Tl2Cu1O6	icsd_68582-Ba2Tl2Cu1O6.sh	?
?	PD	/WORK/nscc-gz_sgao/matgen_dft/vasprun/running/stru/icsd_612532-Ba1B2Ir2	icsd_612532-Ba1B2Ir2.sh	?
?	PD	/WORK/nscc-gz_sgao/matgen_dft/vasprun/running/stru/icsd_106472-La1Co1Ge3	icsd_106472-La1Co1Ge3.sh	?
?	PD	/WORK/nscc-gz_sgao/matgen_dft/vasprun/running/stru/icsd_75936-Hf3Te2	icsd_75936-Hf3Te2.sh	?
?	PD	/WORK/nscc-gz_sgao/matgen_dft/vasprun/running/stru/icsd_261377-Sm2Cu1O4	icsd_261377-Sm2Cu1O4.sh	?
?	PD	/WORK/nscc-gz_sgao/matgen_dft/vasprun/running/stru/icsd_605995-Zr1Ag2	icsd_605995-Zr1Ag2.sh	?
?	PD	/WORK/nscc-gz_sgao/matgen_dft/vasprun/running/stru/icsd_646149-Sm1Ni2P2	icsd_646149-Sm1Ni2P2.sh	?
?	PD	/WORK/nscc-gz_sgao/matgen_dft/vasprun/running/stru/icsd_607817-Yb1Al2Ga2	icsd_607817-Yb1Al2Ga2.sh	?
?	PD	/WORK/nscc-gz_sgao/matgen_dft/vasprun/running/stru/icsd_624631-Sm1Co2P2	icsd_624631-Sm1Co2P2.sh	?
?	PD	/WORK/nscc-gz_sgao/matgen_dft/vasprun/running/stru/icsd_623671-Yb1Co2Ge2	icsd_623671-Yb1Co2Ge2.sh	?
?	PD	/WORK/nscc-gz_sgao/matgen_dft/vasprun/running/stru/icsd_53006-Mn2Co2Si2	icsd_53006-Mn2Co2Si2.sh	?
?	PD	/WORK/nscc-gz_sgao/matgen_dft/vasprun/running/stru/icsd_617225-Ti4Bi2	icsd_617225-Ti4Bi2.sh	?
?	PD	/WORK/nscc-gz_sgao/matgen_dft/vasprun/running/stru/icsd_625841-Dy1Cr2Si2	icsd_625841-Dy1Cr2Si2.sh	?
?	PD	/WORK/nscc-gz_sgao/matgen_dft/vasprun/running/stru/icsd_609088-Pr1Al4	icsd_609088-Pr1Al4.sh	?
?	PD	/WORK/nscc-gz_sgao/matgen_dft/vasprun/running/stru/icsd_30448-Ni4B2	icsd_30448-Ni4B2.sh	?
?	PD	/WORK/nscc-gz_sgao/matgen_dft/vasprun/running/stru/icsd_183521-Nd2Mg2Sn2	icsd_183521-Nd2Mg2Sn2.sh	?
?	PD	/WORK/nscc-gz_sgao/matgen_dft/vasprun/running/stru/icsd_622329-Ce2Zn4	icsd_622329-Ce2Zn4.sh	?
?	PD	/WORK/nscc-gz_sgao/matgen_dft/vasprun/running/stru/icsd_92305-Na1Li2N1	icsd_92305-Na1Li2N1.sh	?
?	PD	/WORK/nscc-gz_sgao/matgen_dft/vasprun/running/stru/icsd_163502-Ba2Cu3Cl2O4	icsd_163502-Ba2Cu3Cl2O4.sh	?
?	PD	/WORK/nscc-gz_sgao/matgen_dft/vasprun/running/stru/icsd_19007-Li2Pd1O2	icsd_19007-Li2Pd1O2.sh	?
?	PD	/WORK/nscc-gz_sgao/matgen_dft/vasprun/running/stru/icsd_183532-Tm2Mg2Sn2	icsd_183532-Tm2Mg2Sn2.sh	?
?	PD	/WORK/nscc-gz_sgao/matgen_dft/vasprun/running/stru/icsd_418384-Pr4C2Cl5	icsd_418384-Pr4C2Cl5.sh	?
?	PD	/WORK/nscc-gz_sgao/matgen_dft/vasprun/running/stru/icsd_602111-La1As2Ru2	icsd_602111-La1As2Ru2.sh	?
?	PD	/WORK/nscc-gz_sgao/matgen_dft/vasprun/running/stru/icsd_613606-Dy1Fe2B2	icsd_613606-Dy1Fe2B2.sh	?
?	PD	/WORK/nscc-gz_sgao/matgen_dft/vasprun/running/stru/icsd_611737-Cr1Au4	icsd_611737-Cr1Au4.sh	?
?	PD	/WORK/nscc-gz_sgao/matgen_dft/vasprun/running/stru/icsd_25514-Rb2Hg1O2	icsd_25514-Rb2Hg1O2.sh	?
?	PD	/WORK/nscc-gz_sgao/matgen_dft/vasprun/running/stru/icsd_106811-Tb1Mn2Si2	icsd_106811-Tb1Mn2Si2.sh	?
?	PD	/WORK/nscc-gz_sgao/matgen_dft/vasprun/running/stru/icsd_602101-Dy1P2Ru2	icsd_602101-Dy1P2Ru2.sh	?
?	PD	/WORK/nscc-gz_sgao/matgen_dft/vasprun/running/stru/icsd_52083-Yb1Si2Rh2	icsd_52083-Yb1Si2Rh2.sh	?
?	PD	/WORK/nscc-gz_sgao/matgen_dft/vasprun/running/stru/icsd_411182-Yb3Ge4Pd4	icsd_411182-Yb3Ge4Pd4.sh	?
?	PD	/WORK/nscc-gz_sgao/matgen_dft/vasprun/running/stru/icsd_608538-Mn1Al2Te4	icsd_608538-Mn1Al2Te4.sh	?
?	PD	/WORK/nscc-gz_sgao/matgen_dft/vasprun/running/stru/icsd_604582-Y3Cu4Sn4	icsd_604582-Y3Cu4Sn4.sh	?
?	PD	/WORK/nscc-gz_sgao/matgen_dft/vasprun/running/stru/icsd_621626-Ce1Ni2P2	icsd_621626-Ce1Ni2P2.sh	?
?	PD	/WORK/nscc-gz_sgao/matgen_dft/vasprun/running/stru/icsd_614261-Fe1B2W2	icsd_614261-Fe1B2W2.sh	?
?	PD	/WORK/nscc-gz_sgao/matgen_dft/vasprun/running/stru/icsd_56593-Dy1Ni2B2C1	icsd_56593-Dy1Ni2B2C1.sh	?
?	PD	/WORK/nscc-gz_sgao/matgen_dft/vasprun/running/stru/icsd_107070-Dy2Zr2Sb2	icsd_107070-Dy2Zr2Sb2.sh	?
?	PD	/WORK/nscc-gz_sgao/matgen_dft/vasprun/running/stru/icsd_616836-U2Bi1N2	icsd_616836-U2Bi1N2.sh	?
?	PD	/WORK/nscc-gz_sgao/matgen_dft/vasprun/running/stru/icsd_36616-Cs2Hg1Pd1Cl6	icsd_36616-Cs2Hg1Pd1Cl6.sh	?
?	PD	/WORK/nscc-gz_sgao/matgen_dft/vasprun/running/stru/icsd_106879-Tm1Co2Si2	icsd_106879-Tm1Co2Si2.sh	?
?	PD	/WORK/nscc-gz_sgao/matgen_dft/vasprun/running/stru/icsd_106852-Lu1Ni2Ge2	icsd_106852-Lu1Ni2Ge2.sh	?
?	PD	/WORK/nscc-gz_sgao/matgen_dft/vasprun/running/stru/icsd_41747-U3Si4Ni4	icsd_41747-U3Si4Ni4.sh	?
?	PD	/WORK/nscc-gz_sgao/matgen_dft/vasprun/running/stru/icsd_638175-Hf2H2Pd1	icsd_638175-Hf2H2Pd1.sh	?
?	PD	/WORK/nscc-gz_sgao/matgen_dft/vasprun/running/stru/icsd_604624-La1Si3Rh1	icsd_604624-La1Si3Rh1.sh	?
?	PD	/WORK/nscc-gz_sgao/matgen_dft/vasprun/running/stru/icsd_67362-Tl1Co2Se2	icsd_67362-Tl1Co2Se2.sh	?
?	PD	/WORK/nscc-gz_sgao/matgen_dft/vasprun/running/stru/icsd_630053-Dy1Si2Os2	icsd_630053-Dy1Si2Os2.sh	?
?	PD	/WORK/nscc-gz_sgao/matgen_dft/vasprun/running/stru/icsd_619506-Ca1Si2Pd2	icsd_619506-Ca1Si2Pd2.sh	?
?	PD	/WORK/nscc-gz_sgao/matgen_dft/vasprun/running/stru/icsd_621955-Ce1Si3Rh1	icsd_621955-Ce1Si3Rh1.sh	?
?	PD	/WORK/nscc-gz_sgao/matgen_dft/vasprun/running/stru/icsd_637763-Tm1Ge2Ru2	icsd_637763-Tm1Ge2Ru2.sh	?
?	PD	/WORK/nscc-gz_sgao/matgen_dft/vasprun/running/stru/icsd_56234-Ho1Si2Os2	icsd_56234-Ho1Si2Os2.sh	?
?	PD	/WORK/nscc-gz_sgao/matgen_dft/vasprun/running/stru/icsd_627219-Er3Cu4Ge4	icsd_627219-Er3Cu4Ge4.sh	?
?	PD	/WORK/nscc-gz_sgao/matgen_dft/vasprun/running/stru/icsd_75555-Ba2Te4	icsd_75555-Ba2Te4.sh	?
?	PD	/WORK/nscc-gz_sgao/matgen_dft/vasprun/running/stru/icsd_626888-Cr3Te4	icsd_626888-Cr3Te4.sh	?
?	PD	/WORK/nscc-gz_sgao/matgen_dft/vasprun/running/stru/icsd_21069-K2Ni1O2	icsd_21069-K2Ni1O2.sh	?
?	PD	/WORK/nscc-gz_sgao/matgen_dft/vasprun/running/stru/icsd_608886-Tb2Al1Ni2	icsd_608886-Tb2Al1Ni2.sh	?
?	PD	/WORK/nscc-gz_sgao/matgen_dft/vasprun/running/stru/icsd_160625-Ce3Cu4Ge4	icsd_160625-Ce3Cu4Ge4.sh	?
?	PD	/WORK/nscc-gz_sgao/matgen_dft/vasprun/running/stru/icsd_418408-Ce4C2Br5	icsd_418408-Ce4C2Br5.sh	?
?	PD	/WORK/nscc-gz_sgao/matgen_dft/vasprun/running/stru/icsd_58875-Ca2Cd4	icsd_58875-Ca2Cd4.sh	?
?	PD	/WORK/nscc-gz_sgao/matgen_dft/vasprun/running/stru/icsd_607323-Dy2Al1Ni2	icsd_607323-Dy2Al1Ni2.sh	?
?	PD	/WORK/nscc-gz_sgao/matgen_dft/vasprun/running/stru/icsd_646095-Np1Si2Ni2	icsd_646095-Np1Si2Ni2.sh	?
?	PD	/WORK/nscc-gz_sgao/matgen_dft/vasprun/running/stru/icsd_629185-Tb3Cu4Si4	icsd_629185-Tb3Cu4Si4.sh	?
?	PD	/WORK/nscc-gz_sgao/matgen_dft/vasprun/running/stru/icsd_150150-Ce1B2Rh2C1	icsd_150150-Ce1B2Rh2C1.sh	?
?	PD	/WORK/nscc-gz_sgao/matgen_dft/vasprun/running/stru/icsd_633115-U1Fe2P2	icsd_633115-U1Fe2P2.sh	?
?	PD	/WORK/nscc-gz_sgao/matgen_dft/vasprun/running/stru/icsd_37133-Sn3P1O4F3	icsd_37133-Sn3P1O4F3.sh	?
?	PD	/WORK/nscc-gz_sgao/matgen_dft/vasprun/running/stru/icsd_614264-Y1Fe2B2	icsd_614264-Y1Fe2B2.sh	?
?	PD	/WORK/nscc-gz_sgao/matgen_dft/vasprun/running/stru/icsd_154434-Ca2Si4	icsd_154434-Ca2Si4.sh	?
?	PD	/WORK/nscc-gz_sgao/matgen_dft/vasprun/running/stru/icsd_623793-Hf1Co2Si2	icsd_623793-Hf1Co2Si2.sh	?
?	PD	/WORK/nscc-gz_sgao/matgen_dft/vasprun/running/stru/icsd_29040-Sr2Cu3Br2O4	icsd_29040-Sr2Cu3Br2O4.sh	?
?	PD	/WORK/nscc-gz_sgao/matgen_dft/vasprun/running/stru/icsd_98969-Lu7Ni2Te2	icsd_98969-Lu7Ni2Te2.sh	?
?	PD	/WORK/nscc-gz_sgao/matgen_dft/vasprun/running/stru/icsd_641276-K1Ni2Se2	icsd_641276-K1Ni2Se2.sh	?
?	PD	/WORK/nscc-gz_sgao/matgen_dft/vasprun/running/stru/icsd_180416-La2Al2O6	icsd_180416-La2Al2O6.sh	?
?	PD	/WORK/nscc-gz_sgao/matgen_dft/vasprun/running/stru/icsd_420250-In1Pd3	icsd_420250-In1Pd3.sh	?
?	PD	/WORK/nscc-gz_sgao/matgen_dft/vasprun/running/stru/icsd_261434-Ho2Bi1O2	icsd_261434-Ho2Bi1O2.sh	?
?	PD	/WORK/nscc-gz_sgao/matgen_dft/vasprun/running/stru/icsd_74978-Li1Cu1O2	icsd_74978-Li1Cu1O2.sh	?
?	PD	/WORK/nscc-gz_sgao/matgen_dft/vasprun/running/stru/icsd_51498-Ag2Pd1O2	icsd_51498-Ag2Pd1O2.sh	?
?	PD	/WORK/nscc-gz_sgao/matgen_dft/vasprun/running/stru/icsd_105692-Sr1Sn3Pd1	icsd_105692-Sr1Sn3Pd1.sh	?
?	PD	/WORK/nscc-gz_sgao/matgen_dft/vasprun/running/stru/icsd_602106-Ba1P2Os2	icsd_602106-Ba1P2Os2.sh	?
?	PD	/WORK/nscc-gz_sgao/matgen_dft/vasprun/running/stru/icsd_165293-Na2U1F8	icsd_165293-Na2U1F8.sh	?
?	PD	/WORK/nscc-gz_sgao/matgen_dft/vasprun/running/stru/icsd_52999-La1Co2Si2	icsd_52999-La1Co2Si2.sh	?
?	PD	/WORK/nscc-gz_sgao/matgen_dft/vasprun/running/stru/icsd_86811-Cr2Sb4	icsd_86811-Cr2Sb4.sh	?
?	PD	/WORK/nscc-gz_sgao/matgen_dft/vasprun/running/stru/icsd_52904-Ce4Sb2	icsd_52904-Ce4Sb2.sh	?
?	PD	/WORK/nscc-gz_sgao/matgen_dft/vasprun/running/stru/icsd_76066-Th2Mn1N3	icsd_76066-Th2Mn1N3.sh	?
?	PD	/WORK/nscc-gz_sgao/matgen_dft/vasprun/running/stru/icsd_181448-Ca1Si3Pt1	icsd_181448-Ca1Si3Pt1.sh	?
?	PD	/WORK/nscc-gz_sgao/matgen_dft/vasprun/running/stru/icsd_607424-Er2Al1Ni2	icsd_607424-Er2Al1Ni2.sh	?
?	PD	/WORK/nscc-gz_sgao/matgen_dft/vasprun/running/stru/icsd_607901-Gd2Al1Ni2	icsd_607901-Gd2Al1Ni2.sh	?
?	PD	/WORK/nscc-gz_sgao/matgen_dft/vasprun/running/stru/icsd_105175-Nb1Ni3	icsd_105175-Nb1Ni3.sh	?
?	PD	/WORK/nscc-gz_sgao/matgen_dft/vasprun/running/stru/icsd_646261-Pr1Ni2Sb2	icsd_646261-Pr1Ni2Sb2.sh	?
?	PD	/WORK/nscc-gz_sgao/matgen_dft/vasprun/running/stru/icsd_643184-Np1Mn2Si2	icsd_643184-Np1Mn2Si2.sh	?
?	PD	/WORK/nscc-gz_sgao/matgen_dft/vasprun/running/stru/icsd_612300-Sc1Au4	icsd_612300-Sc1Au4.sh	?
?	PD	/WORK/nscc-gz_sgao/matgen_dft/vasprun/running/stru/icsd_54374-Y2Mn4	icsd_54374-Y2Mn4.sh	?
?	PD	/WORK/nscc-gz_sgao/matgen_dft/vasprun/running/stru/icsd_162673-Li2Ga2Te4	icsd_162673-Li2Ga2Te4.sh	?
?	PD	/WORK/nscc-gz_sgao/matgen_dft/vasprun/running/stru/icsd_607795-Pr1Al2Ga2	icsd_607795-Pr1Al2Ga2.sh	?
?	PD	/WORK/nscc-gz_sgao/matgen_dft/vasprun/running/stru/icsd_98477-La3V2N6	icsd_98477-La3V2N6.sh	?
?	PD	/WORK/nscc-gz_sgao/matgen_dft/vasprun/running/stru/icsd_637475-Th1Ge2Os2	icsd_637475-Th1Ge2Os2.sh	?
?	PD	/WORK/nscc-gz_sgao/matgen_dft/vasprun/running/stru/icsd_36374-Sr1As2Pd2	icsd_36374-Sr1As2Pd2.sh	?
?	PD	/WORK/nscc-gz_sgao/matgen_dft/vasprun/running/stru/icsd_629099-Zn1Cu2Sn1Se4	icsd_629099-Zn1Cu2Sn1Se4.sh	?
?	PD	/WORK/nscc-gz_sgao/matgen_dft/vasprun/running/stru/icsd_56651-Er1Ni2B2C1	icsd_56651-Er1Ni2B2C1.sh	?
?	PD	/WORK/nscc-gz_sgao/matgen_dft/vasprun/running/stru/icsd_633666-Zr1Fe2Si2	icsd_633666-Zr1Fe2Si2.sh	?
?	PD	/WORK/nscc-gz_sgao/matgen_dft/vasprun/running/stru/icsd_641273-K1Ni2S2	icsd_641273-K1Ni2S2.sh	?
?	PD	/WORK/nscc-gz_sgao/matgen_dft/vasprun/running/stru/icsd_633338-Tl1Fe2S2	icsd_633338-Tl1Fe2S2.sh	?
?	PD	/WORK/nscc-gz_sgao/matgen_dft/vasprun/running/stru/icsd_637774-Yb1Ge2Ru2	icsd_637774-Yb1Ge2Ru2.sh	?
?	PD	/WORK/nscc-gz_sgao/matgen_dft/vasprun/running/stru/icsd_621428-Ce1Si3Ir1	icsd_621428-Ce1Si3Ir1.sh	?
?	PD	/WORK/nscc-gz_sgao/matgen_dft/vasprun/running/stru/icsd_106877-Nd1Co2Ge2	icsd_106877-Nd1Co2Ge2.sh	?
?	PD	/WORK/nscc-gz_sgao/matgen_dft/vasprun/running/stru/icsd_69682-Rb2Ni1F4	icsd_69682-Rb2Ni1F4.sh	?
?	PD	/WORK/nscc-gz_sgao/matgen_dft/vasprun/running/stru/icsd_161314-Np1Al2Pd5	icsd_161314-Np1Al2Pd5.sh	?
?	PD	/WORK/nscc-gz_sgao/matgen_dft/vasprun/running/stru/icsd_418410-La4C2Cl5	icsd_418410-La4C2Cl5.sh	?
?	PD	/WORK/nscc-gz_sgao/matgen_dft/vasprun/running/stru/icsd_36189-Hg2I2	icsd_36189-Hg2I2.sh	?
